danceability,energy,key,loudness,mode,speechiness,acousticness,instrumentalness,liveness,valence,tempo,type,id,uri,track_href,analysis_url,duration_ms,time_signature,track_name,album_name,short_album_name,release_date,album_id
0.362,0.761,2,-8.509,0,0.241,0.442,0.0,0.741,0.586,80.355,audio_features,6oVFpdtDzSgRLv8rUgFVUW,spotify:track:6oVFpdtDzSgRLv8rUgFVUW,https://api.spotify.com/v1/tracks/6oVFpdtDzSgRLv8rUgFVUW,https://api.spotify.com/v1/audio-analysis/6oVFpdtDzSgRLv8rUgFVUW,237107,4,Lone,Wolf,Wolf,2013-04-01,40QTqOBBxCEIQlLNdSjFQB
0.426,0.303,1,-11.52,0,0.0787,0.316,0.00795,0.411,0.383,139.042,audio_features,2JZpS2sOdJy37oBpn1GuPW,spotify:track:2JZpS2sOdJy37oBpn1GuPW,https://api.spotify.com/v1/tracks/2JZpS2sOdJy37oBpn1GuPW,https://api.spotify.com/v1/audio-analysis/2JZpS2sOdJy37oBpn1GuPW,109893,4,WOLF,Wolf,Wolf,2013-04-01,40QTqOBBxCEIQlLNdSjFQB
0.722,0.488,8,-7.547,1,0.398,0.0404,3.45e-06,0.322,0.661,80.093,audio_features,3Z5pXxCb0O6L53vejFHhqQ,spotify:track:3Z5pXxCb0O6L53vejFHhqQ,https://api.spotify.com/v1/tracks/3Z5pXxCb0O6L53vejFHhqQ,https://api.spotify.com/v1/audio-analysis/3Z5pXxCb0O6L53vejFHhqQ,212493,4,Jamba (feat. Hodgy),Wolf,Wolf,2013-04-01,40QTqOBBxCEIQlLNdSjFQB
0.499,0.662,1,-8.514,1,0.382,0.06,0.0,0.428,0.65,160.008,audio_features,2hjjUjikOa29kImnI5kQPw,spotify:track:2hjjUjikOa29kImnI5kQPw,https://api.spotify.com/v1/tracks/2hjjUjikOa29kImnI5kQPw,https://api.spotify.com/v1/audio-analysis/2hjjUjikOa29kImnI5kQPw,195320,4,Cowboy,Wolf,Wolf,2013-04-01,40QTqOBBxCEIQlLNdSjFQB
0.472,0.777,8,-8.666,1,0.294,0.225,0.0283,0.195,0.673,153.78,audio_features,6c7l5gpEyCNGr86jsWneGy,spotify:track:6c7l5gpEyCNGr86jsWneGy,https://api.spotify.com/v1/tracks/6c7l5gpEyCNGr86jsWneGy,https://api.spotify.com/v1/audio-analysis/6c7l5gpEyCNGr86jsWneGy,227467,4,Awkward,Wolf,Wolf,2013-04-01,40QTqOBBxCEIQlLNdSjFQB
0.727,0.565,1,-5.564,0,0.356,0.167,0.0,0.262,0.597,133.094,audio_features,75kiQfmmuQwgquZ9RLSvuA,spotify:track:75kiQfmmuQwgquZ9RLSvuA,https://api.spotify.com/v1/tracks/75kiQfmmuQwgquZ9RLSvuA,https://api.spotify.com/v1/audio-analysis/75kiQfmmuQwgquZ9RLSvuA,158760,4,Domo23,Wolf,Wolf,2013-04-01,40QTqOBBxCEIQlLNdSjFQB
0.352,0.838,8,-6.465,0,0.0496,0.00329,5.74e-06,0.115,0.475,72.291,audio_features,6rqj2zeKhLy3exkuFi6mSz,spotify:track:6rqj2zeKhLy3exkuFi6mSz,https://api.spotify.com/v1/tracks/6rqj2zeKhLy3exkuFi6mSz,https://api.spotify.com/v1/audio-analysis/6rqj2zeKhLy3exkuFi6mSz,230067,4,Answer,Wolf,Wolf,2013-04-01,40QTqOBBxCEIQlLNdSjFQB
0.575,0.624,1,-6.876,0,0.103,0.013,4.74e-05,0.0522,0.273,154.687,audio_features,5wTpnBRTx1HSGQVDZQ2VSh,spotify:track:5wTpnBRTx1HSGQVDZQ2VSh,https://api.spotify.com/v1/tracks/5wTpnBRTx1HSGQVDZQ2VSh,https://api.spotify.com/v1/audio-analysis/5wTpnBRTx1HSGQVDZQ2VSh,233853,4,Slater (feat. Frank Ocean),Wolf,Wolf,2013-04-01,40QTqOBBxCEIQlLNdSjFQB
0.558,0.887,1,-8.083,1,0.265,0.132,0.0,0.89,0.537,119.91,audio_features,2wK7y55bzry7tUDmDqYaz7,spotify:track:2wK7y55bzry7tUDmDqYaz7,https://api.spotify.com/v1/tracks/2wK7y55bzry7tUDmDqYaz7,https://api.spotify.com/v1/audio-analysis/2wK7y55bzry7tUDmDqYaz7,247293,4,48,Wolf,Wolf,2013-04-01,40QTqOBBxCEIQlLNdSjFQB
0.742,0.93,11,-7.207,1,0.0977,0.0557,0.000242,0.272,0.967,129.986,audio_features,60b6B2ULC85t4Y5IjZvP7A,spotify:track:60b6B2ULC85t4Y5IjZvP7A,https://api.spotify.com/v1/tracks/60b6B2ULC85t4Y5IjZvP7A,https://api.spotify.com/v1/audio-analysis/60b6B2ULC85t4Y5IjZvP7A,166347,4,Tamale,Wolf,Wolf,2013-04-01,40QTqOBBxCEIQlLNdSjFQB
0.443,0.576,1,-8.695,0,0.201,0.0709,0.0197,0.41,0.127,151.835,audio_features,04QTBqa3IA4ZAKEuqRPzEH,spotify:track:04QTBqa3IA4ZAKEuqRPzEH,https://api.spotify.com/v1/tracks/04QTBqa3IA4ZAKEuqRPzEH,https://api.spotify.com/v1/audio-analysis/04QTBqa3IA4ZAKEuqRPzEH,438493,4,"PartyIsntOver/Campfire/Bimmer (feat. Frank Ocean, feat. Laetitia Sadier, feat. Laetitia Sadier & Frank Ocean)",Wolf,Wolf,2013-04-01,40QTqOBBxCEIQlLNdSjFQB
0.358,0.715,7,-6.181,1,0.331,0.197,0.0,0.581,0.275,85.478,audio_features,0NjW4SKY3gbfl2orl1p8hr,spotify:track:0NjW4SKY3gbfl2orl1p8hr,https://api.spotify.com/v1/tracks/0NjW4SKY3gbfl2orl1p8hr,https://api.spotify.com/v1/audio-analysis/0NjW4SKY3gbfl2orl1p8hr,319253,4,IFHY (feat. Pharrell),Wolf,Wolf,2013-04-01,40QTqOBBxCEIQlLNdSjFQB
0.406,0.734,1,-6.983,0,0.246,0.0275,0.000978,0.0768,0.488,80.208,audio_features,5L4n81Ecf8UE837uJkuoJJ,spotify:track:5L4n81Ecf8UE837uJkuoJJ,https://api.spotify.com/v1/tracks/5L4n81Ecf8UE837uJkuoJJ,https://api.spotify.com/v1/audio-analysis/5L4n81Ecf8UE837uJkuoJJ,254733,4,Pigs,Wolf,Wolf,2013-04-01,40QTqOBBxCEIQlLNdSjFQB
0.548,0.511,11,-10.424,1,0.274,0.0979,0.0,0.661,0.483,80.747,audio_features,1UBLglX9fPtTBZSwJj4yVG,spotify:track:1UBLglX9fPtTBZSwJj4yVG,https://api.spotify.com/v1/tracks/1UBLglX9fPtTBZSwJj4yVG,https://api.spotify.com/v1/audio-analysis/1UBLglX9fPtTBZSwJj4yVG,233907,4,Parking Lot (feat. Casey Veggies & Mike G),Wolf,Wolf,2013-04-01,40QTqOBBxCEIQlLNdSjFQB
0.503,0.677,11,-5.647,1,0.248,0.00529,0.00024,0.396,0.364,81.28,audio_features,4oQkcfukOHfKsmeoeXQLWC,spotify:track:4oQkcfukOHfKsmeoeXQLWC,https://api.spotify.com/v1/tracks/4oQkcfukOHfKsmeoeXQLWC,https://api.spotify.com/v1/audio-analysis/4oQkcfukOHfKsmeoeXQLWC,309693,4,Rusty (feat. Domo Genesis & Earl Sweatshirt),Wolf,Wolf,2013-04-01,40QTqOBBxCEIQlLNdSjFQB
0.48,0.609,1,-7.251,0,0.299,0.00807,0.0,0.257,0.149,64.604,audio_features,2OaPyH3JLuft6iuNFHFJl0,spotify:track:2OaPyH3JLuft6iuNFHFJl0,https://api.spotify.com/v1/tracks/2OaPyH3JLuft6iuNFHFJl0,https://api.spotify.com/v1/audio-analysis/2OaPyH3JLuft6iuNFHFJl0,282560,4,"Trashwang (feat. Na' kel, Jasper Dolphin, Lucas, L-Boy, Taco, Left Brain & Lee Spielman)",Wolf,Wolf,2013-04-01,40QTqOBBxCEIQlLNdSjFQB
0.721,0.539,11,-8.726,1,0.362,0.217,0.00257,0.419,0.377,81.971,audio_features,2vLwhcsvRd1f2ETft1kWDN,spotify:track:2vLwhcsvRd1f2ETft1kWDN,https://api.spotify.com/v1/tracks/2vLwhcsvRd1f2ETft1kWDN,https://api.spotify.com/v1/audio-analysis/2vLwhcsvRd1f2ETft1kWDN,180213,4,Treehome95 (feat. Coco O. & Erykah Badu),Wolf,Wolf,2013-04-01,40QTqOBBxCEIQlLNdSjFQB
0.442,0.6,2,-9.087,1,0.357,0.267,0.0,0.31,0.725,82.462,audio_features,5AnVuHLmgipXkFmBvj2Q6H,spotify:track:5AnVuHLmgipXkFmBvj2Q6H,https://api.spotify.com/v1/tracks/5AnVuHLmgipXkFmBvj2Q6H,https://api.spotify.com/v1/audio-analysis/5AnVuHLmgipXkFmBvj2Q6H,213320,1,Colossus,Wolf,Wolf,2013-04-01,40QTqOBBxCEIQlLNdSjFQB
0.402,0.8,10,-14.59,1,0.839,0.883,0.0021,0.885,0.132,137.134,audio_features,1SF10sBbwaziKM9uAo2gEW,spotify:track:1SF10sBbwaziKM9uAo2gEW,https://api.spotify.com/v1/tracks/1SF10sBbwaziKM9uAo2gEW,https://api.spotify.com/v1/audio-analysis/1SF10sBbwaziKM9uAo2gEW,91947,4,Dick Banana Hat Interlude,Live At Splash!,Live At Splash!,2013-09-02,6hSjwUPL9jSBtZPgyFWfjI
0.546,0.622,8,-8.528,0,0.253,0.0528,0.0,0.554,0.47,80.881,audio_features,2TEZZROolVtCKcN02jA7dg,spotify:track:2TEZZROolVtCKcN02jA7dg,https://api.spotify.com/v1/tracks/2TEZZROolVtCKcN02jA7dg,https://api.spotify.com/v1/audio-analysis/2TEZZROolVtCKcN02jA7dg,125248,4,We Got B*tches,Live At Splash!,Live At Splash!,2013-09-02,6hSjwUPL9jSBtZPgyFWfjI
0.394,0.77,7,-11.046,0,0.673,0.652,0.0,0.793,0.372,171.178,audio_features,7MyvZp78uVdqJ52WtvAUn8,spotify:track:7MyvZp78uVdqJ52WtvAUn8,https://api.spotify.com/v1/tracks/7MyvZp78uVdqJ52WtvAUn8,https://api.spotify.com/v1/audio-analysis/7MyvZp78uVdqJ52WtvAUn8,116949,4,Nightmare,Live At Splash!,Live At Splash!,2013-09-02,6hSjwUPL9jSBtZPgyFWfjI
0.366,0.857,11,-9.314,1,0.492,0.535,0.000114,0.714,0.368,151.935,audio_features,4v8CnVVMlIAScRYDyfrgju,spotify:track:4v8CnVVMlIAScRYDyfrgju,https://api.spotify.com/v1/tracks/4v8CnVVMlIAScRYDyfrgju,https://api.spotify.com/v1/audio-analysis/4v8CnVVMlIAScRYDyfrgju,84253,4,French,Live At Splash!,Live At Splash!,2013-09-02,6hSjwUPL9jSBtZPgyFWfjI
0.306,0.809,5,-9.182,0,0.466,0.737,0.0,0.835,0.358,166.348,audio_features,0nAaXUFqoVNLBCm5oLCUYj,spotify:track:0nAaXUFqoVNLBCm5oLCUYj,https://api.spotify.com/v1/tracks/0nAaXUFqoVNLBCm5oLCUYj,https://api.spotify.com/v1/audio-analysis/0nAaXUFqoVNLBCm5oLCUYj,169835,4,Sam (Is Dead),Live At Splash!,Live At Splash!,2013-09-02,6hSjwUPL9jSBtZPgyFWfjI
0.289,0.689,1,-14.956,1,0.759,0.849,1.2e-06,0.649,0.212,170.631,audio_features,6pHoHirRwcuJ0oMTbv8EmL,spotify:track:6pHoHirRwcuJ0oMTbv8EmL,https://api.spotify.com/v1/tracks/6pHoHirRwcuJ0oMTbv8EmL,https://api.spotify.com/v1/audio-analysis/6pHoHirRwcuJ0oMTbv8EmL,68525,3,Interlude,Live At Splash!,Live At Splash!,2013-09-02,6hSjwUPL9jSBtZPgyFWfjI
0.205,0.452,9,-14.352,1,0.0442,0.0859,0.913,0.385,0.125,125.598,audio_features,4gJcBupkKUnKEhOmBmJzmJ,spotify:track:4gJcBupkKUnKEhOmBmJzmJ,https://api.spotify.com/v1/tracks/4gJcBupkKUnKEhOmBmJzmJ,https://api.spotify.com/v1/audio-analysis/4gJcBupkKUnKEhOmBmJzmJ,72143,3,Intro,Live At Splash!,Live At Splash!,2013-09-02,6hSjwUPL9jSBtZPgyFWfjI
0.423,0.594,1,-11.712,0,0.363,0.806,0.0,0.888,0.595,80.142,audio_features,5owXFAMwjMrZSqAEvD9TbF,spotify:track:5owXFAMwjMrZSqAEvD9TbF,https://api.spotify.com/v1/tracks/5owXFAMwjMrZSqAEvD9TbF,https://api.spotify.com/v1/audio-analysis/5owXFAMwjMrZSqAEvD9TbF,113561,4,Tron Cat,Live At Splash!,Live At Splash!,2013-09-02,6hSjwUPL9jSBtZPgyFWfjI
0.432,0.647,2,-10.092,1,0.45,0.42,0.0,0.272,0.587,80.578,audio_features,48BJ3xfY5pkM8D5Fjib9ED,spotify:track:48BJ3xfY5pkM8D5Fjib9ED,https://api.spotify.com/v1/tracks/48BJ3xfY5pkM8D5Fjib9ED,https://api.spotify.com/v1/audio-analysis/48BJ3xfY5pkM8D5Fjib9ED,54935,4,Jamba,Live At Splash!,Live At Splash!,2013-09-02,6hSjwUPL9jSBtZPgyFWfjI
0.431,0.717,10,-10.908,0,0.223,0.0977,0.0,0.68,0.44,151.475,audio_features,4ErUn2QBjOUT8lya2Ps8wc,spotify:track:4ErUn2QBjOUT8lya2Ps8wc,https://api.spotify.com/v1/tracks/4ErUn2QBjOUT8lya2Ps8wc,https://api.spotify.com/v1/audio-analysis/4ErUn2QBjOUT8lya2Ps8wc,78592,4,Bimmer,Live At Splash!,Live At Splash!,2013-09-02,6hSjwUPL9jSBtZPgyFWfjI
0.461,0.733,1,-11.407,1,0.378,0.713,1.44e-06,0.705,0.436,93.648,audio_features,3uhIRINQKuoMN2hGXPQYVo,spotify:track:3uhIRINQKuoMN2hGXPQYVo,https://api.spotify.com/v1/tracks/3uhIRINQKuoMN2hGXPQYVo,https://api.spotify.com/v1/audio-analysis/3uhIRINQKuoMN2hGXPQYVo,151684,5,Cowboy,Live At Splash!,Live At Splash!,2013-09-02,6hSjwUPL9jSBtZPgyFWfjI
0.498,0.778,10,-13.261,0,0.567,0.802,5.52e-06,0.437,0.31,106.442,audio_features,0uL0uZUaqq9GXxwDOnHN1Z,spotify:track:0uL0uZUaqq9GXxwDOnHN1Z,https://api.spotify.com/v1/tracks/0uL0uZUaqq9GXxwDOnHN1Z,https://api.spotify.com/v1/audio-analysis/0uL0uZUaqq9GXxwDOnHN1Z,57390,4,Interlude,Live At Splash!,Live At Splash!,2013-09-02,6hSjwUPL9jSBtZPgyFWfjI
0.352,0.681,11,-11.603,1,0.328,0.685,9.39e-06,0.686,0.552,81.366,audio_features,0UR07nfGCk4agJmrK5qob6,spotify:track:0UR07nfGCk4agJmrK5qob6,https://api.spotify.com/v1/tracks/0UR07nfGCk4agJmrK5qob6,https://api.spotify.com/v1/audio-analysis/0UR07nfGCk4agJmrK5qob6,179480,4,Yonkers,Live At Splash!,Live At Splash!,2013-09-02,6hSjwUPL9jSBtZPgyFWfjI
0.447,0.62,2,-14.71,1,0.896,0.903,2.44e-05,0.771,0.358,76.088,audio_features,2fusij7OlFohsWVGHU6jvp,spotify:track:2fusij7OlFohsWVGHU6jvp,https://api.spotify.com/v1/tracks/2fusij7OlFohsWVGHU6jvp,https://api.spotify.com/v1/audio-analysis/2fusij7OlFohsWVGHU6jvp,34714,3,Bastard,Live At Splash!,Live At Splash!,2013-09-02,6hSjwUPL9jSBtZPgyFWfjI
0.545,0.599,7,-10.701,1,0.331,0.724,0.0,0.683,0.531,101.834,audio_features,3eFrPK74500i8KDQwQN80N,spotify:track:3eFrPK74500i8KDQwQN80N,https://api.spotify.com/v1/tracks/3eFrPK74500i8KDQwQN80N,https://api.spotify.com/v1/audio-analysis/3eFrPK74500i8KDQwQN80N,68149,4,Blow,Live At Splash!,Live At Splash!,2013-09-02,6hSjwUPL9jSBtZPgyFWfjI
0.276,0.628,8,-11.711,1,0.429,0.465,7.47e-05,0.537,0.383,87.621,audio_features,4zpuVVXpCmOF85UORt0L5y,spotify:track:4zpuVVXpCmOF85UORt0L5y,https://api.spotify.com/v1/tracks/4zpuVVXpCmOF85UORt0L5y,https://api.spotify.com/v1/audio-analysis/4zpuVVXpCmOF85UORt0L5y,204028,3,IFHY,Live At Splash!,Live At Splash!,2013-09-02,6hSjwUPL9jSBtZPgyFWfjI
0.293,0.828,10,-15.294,1,0.685,0.876,0.207,0.938,0.145,76.114,audio_features,6MqJbNXaBPLkhVRR90uSUW,spotify:track:6MqJbNXaBPLkhVRR90uSUW,https://api.spotify.com/v1/tracks/6MqJbNXaBPLkhVRR90uSUW,https://api.spotify.com/v1/audio-analysis/6MqJbNXaBPLkhVRR90uSUW,106876,4,Interlude,Live At Splash!,Live At Splash!,2013-09-02,6hSjwUPL9jSBtZPgyFWfjI
0.349,0.655,1,-10.694,0,0.481,0.795,0.0,0.954,0.458,88.515,audio_features,5CAWZ1A0AFQZ6LKhvADIyL,spotify:track:5CAWZ1A0AFQZ6LKhvADIyL,https://api.spotify.com/v1/tracks/5CAWZ1A0AFQZ6LKhvADIyL,https://api.spotify.com/v1/audio-analysis/5CAWZ1A0AFQZ6LKhvADIyL,146680,3,Domo,Live At Splash!,Live At Splash!,2013-09-02,6hSjwUPL9jSBtZPgyFWfjI
0.445,0.822,10,-16.315,0,0.892,0.824,0.00129,0.811,0.0482,128.71,audio_features,1I35onM27mxq84t2H1JgIA,spotify:track:1I35onM27mxq84t2H1JgIA,https://api.spotify.com/v1/tracks/1I35onM27mxq84t2H1JgIA,https://api.spotify.com/v1/audio-analysis/1I35onM27mxq84t2H1JgIA,52944,3,Interlude,Live At Splash!,Live At Splash!,2013-09-02,6hSjwUPL9jSBtZPgyFWfjI
0.781,0.522,8,-13.213,1,0.148,0.891,0.0,0.267,0.765,118.091,audio_features,76VSEkt8UdVgfcOUZBF7Xb,spotify:track:76VSEkt8UdVgfcOUZBF7Xb,https://api.spotify.com/v1/tracks/76VSEkt8UdVgfcOUZBF7Xb,https://api.spotify.com/v1/audio-analysis/76VSEkt8UdVgfcOUZBF7Xb,56578,4,Fish,Live At Splash!,Live At Splash!,2013-09-02,6hSjwUPL9jSBtZPgyFWfjI
0.427,0.849,7,-2.945,1,0.348,0.015,0.00373,0.153,0.55,79.155,audio_features,3v6SdZsS8zR6Go257tldbB,spotify:track:3v6SdZsS8zR6Go257tldbB,https://api.spotify.com/v1/tracks/3v6SdZsS8zR6Go257tldbB,https://api.spotify.com/v1/audio-analysis/3v6SdZsS8zR6Go257tldbB,334363,4,SMUCKERS (feat. Lil Wayne & Kanye West),Cherry Bomb + Instrumentals,Cherry Bomb + Instrumentals,2015-04-13,5V3Chnpno9oTI7JSPXKUf3
0.747,0.861,2,-2.671,1,0.0439,0.00194,0.837,0.44,0.224,133.88,audio_features,5Sp0Qp4cmT5XXeJXfnrDAm,spotify:track:5Sp0Qp4cmT5XXeJXfnrDAm,https://api.spotify.com/v1/tracks/5Sp0Qp4cmT5XXeJXfnrDAm,https://api.spotify.com/v1/audio-analysis/5Sp0Qp4cmT5XXeJXfnrDAm,269853,4,CHERRY BOMB - Instrumental,Cherry Bomb + Instrumentals,Cherry Bomb + Instrumentals,2015-04-13,5V3Chnpno9oTI7JSPXKUf3
0.633,0.328,9,-9.564,0,0.0265,0.203,0.543,0.0941,0.206,75.035,audio_features,3xLUgT2u1LGSFAI1hFSNJz,spotify:track:3xLUgT2u1LGSFAI1hFSNJz,https://api.spotify.com/v1/tracks/3xLUgT2u1LGSFAI1hFSNJz,https://api.spotify.com/v1/audio-analysis/3xLUgT2u1LGSFAI1hFSNJz,180613,4,FIND YOUR WINGS - Instrumental,Cherry Bomb + Instrumentals,Cherry Bomb + Instrumentals,2015-04-13,5V3Chnpno9oTI7JSPXKUf3
0.592,0.846,11,-6.561,0,0.0417,0.00224,0.04,0.422,0.504,145.925,audio_features,0JUwpmBTwaXjdMTCnI5eNX,spotify:track:0JUwpmBTwaXjdMTCnI5eNX,https://api.spotify.com/v1/tracks/0JUwpmBTwaXjdMTCnI5eNX,https://api.spotify.com/v1/audio-analysis/0JUwpmBTwaXjdMTCnI5eNX,70413,4,RUN - Instrumental,Cherry Bomb + Instrumentals,Cherry Bomb + Instrumentals,2015-04-13,5V3Chnpno9oTI7JSPXKUf3
0.648,0.821,8,-2.32,1,0.0301,5.77e-05,0.748,0.0647,0.526,109.998,audio_features,3qNiRhFYfEbuvWvzQQ5p7d,spotify:track:3qNiRhFYfEbuvWvzQQ5p7d,https://api.spotify.com/v1/tracks/3qNiRhFYfEbuvWvzQQ5p7d,https://api.spotify.com/v1/audio-analysis/3qNiRhFYfEbuvWvzQQ5p7d,209787,4,PILOT - Instrumental,Cherry Bomb + Instrumentals,Cherry Bomb + Instrumentals,2015-04-13,5V3Chnpno9oTI7JSPXKUf3
0.497,0.606,2,-5.148,1,0.0363,0.00235,0.618,0.069,0.19,168.299,audio_features,3mWdvkm8RbMr1d5Q2Jk4N5,spotify:track:3mWdvkm8RbMr1d5Q2Jk4N5,https://api.spotify.com/v1/tracks/3mWdvkm8RbMr1d5Q2Jk4N5,https://api.spotify.com/v1/audio-analysis/3mWdvkm8RbMr1d5Q2Jk4N5,160173,4,BUFFALO - Instrumental,Cherry Bomb + Instrumentals,Cherry Bomb + Instrumentals,2015-04-13,5V3Chnpno9oTI7JSPXKUf3
0.608,0.537,10,-6.682,0,0.288,0.0241,0.506,0.112,0.563,204.082,audio_features,4rD9WSFNt2LbhVcqZqa5rp,spotify:track:4rD9WSFNt2LbhVcqZqa5rp,https://api.spotify.com/v1/tracks/4rD9WSFNt2LbhVcqZqa5rp,https://api.spotify.com/v1/audio-analysis/4rD9WSFNt2LbhVcqZqa5rp,192560,4,DEATHCAMP - Instrumental,Cherry Bomb + Instrumentals,Cherry Bomb + Instrumentals,2015-04-13,5V3Chnpno9oTI7JSPXKUf3
0.458,0.64,2,-4.515,1,0.0419,0.00196,0.0288,0.0782,0.205,145.94,audio_features,3QZY1nrt8MKrlnotFwRwcm,spotify:track:3QZY1nrt8MKrlnotFwRwcm,https://api.spotify.com/v1/tracks/3QZY1nrt8MKrlnotFwRwcm,https://api.spotify.com/v1/audio-analysis/3QZY1nrt8MKrlnotFwRwcm,397384,4,"OKAGA, CA (feat. Alice Smith, Leon Ware & Clem Creevy)",Cherry Bomb + Instrumentals,Cherry Bomb + Instrumentals,2015-04-13,5V3Chnpno9oTI7JSPXKUf3
0.501,0.596,6,-8.444,1,0.077,0.00814,0.00023,0.0666,0.204,139.929,audio_features,0YOzUujSDOvSRahyn1Pkeb,spotify:track:0YOzUujSDOvSRahyn1Pkeb,https://api.spotify.com/v1/tracks/0YOzUujSDOvSRahyn1Pkeb,https://api.spotify.com/v1/audio-analysis/0YOzUujSDOvSRahyn1Pkeb,248544,3,KEEP DA O'S (feat. Pharrell Williams & Coco O.),Cherry Bomb + Instrumentals,Cherry Bomb + Instrumentals,2015-04-13,5V3Chnpno9oTI7JSPXKUf3
0.406,0.628,1,-7.22,1,0.0509,0.000154,0.0824,0.296,0.21,73.706,audio_features,2J1ix1qlk9WjgQzV5gSpO7,spotify:track:2J1ix1qlk9WjgQzV5gSpO7,https://api.spotify.com/v1/tracks/2J1ix1qlk9WjgQzV5gSpO7,https://api.spotify.com/v1/audio-analysis/2J1ix1qlk9WjgQzV5gSpO7,176440,4,BLOW MY LOAD - Instrumental,Cherry Bomb + Instrumentals,Cherry Bomb + Instrumentals,2015-04-13,5V3Chnpno9oTI7JSPXKUf3
0.232,0.705,5,-6.928,1,0.0997,0.032,6.6e-05,0.185,0.352,74.28,audio_features,6738dceRZVHz8VumfBH7aI,spotify:track:6738dceRZVHz8VumfBH7aI,https://api.spotify.com/v1/tracks/6738dceRZVHz8VumfBH7aI,https://api.spotify.com/v1/audio-analysis/6738dceRZVHz8VumfBH7aI,401573,4,"FUCKING YOUNG / PERFECT (feat. Charlie Wilson, Chaz Bundick, Sydney Bennett & Kali Uchis)",Cherry Bomb + Instrumentals,Cherry Bomb + Instrumentals,2015-04-13,5V3Chnpno9oTI7JSPXKUf3
0.352,0.693,10,-7.412,0,0.361,0.334,6.21e-05,0.611,0.348,88.855,audio_features,5LUJ8X9S6lJOeUwJkWqCeX,spotify:track:5LUJ8X9S6lJOeUwJkWqCeX,https://api.spotify.com/v1/tracks/5LUJ8X9S6lJOeUwJkWqCeX,https://api.spotify.com/v1/audio-analysis/5LUJ8X9S6lJOeUwJkWqCeX,409779,4,"2SEATER (feat. Aaron Shaw, Samantha Nelson & Austin Feinstein)",Cherry Bomb + Instrumentals,Cherry Bomb + Instrumentals,2015-04-13,5V3Chnpno9oTI7JSPXKUf3
0.63,0.842,1,-5.636,0,0.316,0.000967,0.0,0.362,0.634,84.952,audio_features,7E3FdWpPkWTCggsanYXj30,spotify:track:7E3FdWpPkWTCggsanYXj30,https://api.spotify.com/v1/tracks/7E3FdWpPkWTCggsanYXj30,https://api.spotify.com/v1/audio-analysis/7E3FdWpPkWTCggsanYXj30,191869,4,THE BROWN STAINS OF DARKEESE LATIFAH PART 6-12 (REMIX) (feat. ScHoolboy Q),Cherry Bomb + Instrumentals,Cherry Bomb + Instrumentals,2015-04-13,5V3Chnpno9oTI7JSPXKUf3
0.581,0.746,10,-5.495,0,0.0422,0.0149,0.000276,0.594,0.455,101.881,audio_features,1dXYBALYTj3AMxa8hgiQhA,spotify:track:1dXYBALYTj3AMxa8hgiQhA,https://api.spotify.com/v1/tracks/1dXYBALYTj3AMxa8hgiQhA,https://api.spotify.com/v1/audio-analysis/1dXYBALYTj3AMxa8hgiQhA,189703,4,DEATHCAMP (feat. Cole Alexander),Cherry Bomb,Cherry Bomb,2015-04-13,621OhgnZJ7Pz8iUazct1In
0.346,0.824,2,-5.054,1,0.134,0.00457,0.000266,0.356,0.116,169.002,audio_features,1qkPQxOTLFmx3bwUOV8Kzw,spotify:track:1qkPQxOTLFmx3bwUOV8Kzw,https://api.spotify.com/v1/tracks/1qkPQxOTLFmx3bwUOV8Kzw,https://api.spotify.com/v1/audio-analysis/1qkPQxOTLFmx3bwUOV8Kzw,159964,4,BUFFALO (feat. Shane Powers),Cherry Bomb,Cherry Bomb,2015-04-13,621OhgnZJ7Pz8iUazct1In
0.596,0.869,5,-2.389,0,0.0621,6.32e-05,0.0493,0.0476,0.545,109.995,audio_features,332Yig3HD2IdDigzlf5Ndl,spotify:track:332Yig3HD2IdDigzlf5Ndl,https://api.spotify.com/v1/tracks/332Yig3HD2IdDigzlf5Ndl,https://api.spotify.com/v1/audio-analysis/332Yig3HD2IdDigzlf5Ndl,209412,4,PILOT (feat. Sydney Bennett),Cherry Bomb,Cherry Bomb,2015-04-13,621OhgnZJ7Pz8iUazct1In
0.411,0.909,11,-5.234,0,0.169,0.00178,0.0,0.794,0.473,145.966,audio_features,586xfl7VsCFPD9z5iJoKEp,spotify:track:586xfl7VsCFPD9z5iJoKEp,https://api.spotify.com/v1/tracks/586xfl7VsCFPD9z5iJoKEp,https://api.spotify.com/v1/audio-analysis/586xfl7VsCFPD9z5iJoKEp,69077,4,RUN (feat. Chaz Bundick & ScHoolboy Q),Cherry Bomb,Cherry Bomb,2015-04-13,621OhgnZJ7Pz8iUazct1In
0.53,0.427,9,-7.338,0,0.0275,0.405,0.0832,0.0976,0.195,75.111,audio_features,7er0EUMY653mxZ1NVD9mwQ,spotify:track:7er0EUMY653mxZ1NVD9mwQ,https://api.spotify.com/v1/tracks/7er0EUMY653mxZ1NVD9mwQ,https://api.spotify.com/v1/audio-analysis/7er0EUMY653mxZ1NVD9mwQ,179043,4,"FIND YOUR WINGS (feat. Roy Ayers, Sydney Bennett & Kali Uchis)",Cherry Bomb,Cherry Bomb,2015-04-13,621OhgnZJ7Pz8iUazct1In
0.594,0.817,2,-3.389,1,0.0521,0.001,0.8,0.155,0.151,133.868,audio_features,1sJZgGyZJookIoyLi9jDOV,spotify:track:1sJZgGyZJookIoyLi9jDOV,https://api.spotify.com/v1/tracks/1sJZgGyZJookIoyLi9jDOV,https://api.spotify.com/v1/audio-analysis/1sJZgGyZJookIoyLi9jDOV,269352,4,CHERRY BOMB,Cherry Bomb,Cherry Bomb,2015-04-13,621OhgnZJ7Pz8iUazct1In
0.397,0.701,1,-7.328,1,0.0737,0.0127,0.000207,0.749,0.179,74.518,audio_features,5DXJ7agkkKytxX8Z2x1fY3,spotify:track:5DXJ7agkkKytxX8Z2x1fY3,https://api.spotify.com/v1/tracks/5DXJ7agkkKytxX8Z2x1fY3,https://api.spotify.com/v1/audio-analysis/5DXJ7agkkKytxX8Z2x1fY3,190285,4,"BLOW MY LOAD (feat. Wanya Morris, Dâm-Funk, Austin Feinstein & Sydney Bennett)",Cherry Bomb,Cherry Bomb,2015-04-13,621OhgnZJ7Pz8iUazct1In
0.63,0.842,1,-5.636,0,0.316,0.000967,0.0,0.362,0.634,84.952,audio_features,629TRAVD61y1ZVNl9EOfEE,spotify:track:629TRAVD61y1ZVNl9EOfEE,https://api.spotify.com/v1/tracks/629TRAVD61y1ZVNl9EOfEE,https://api.spotify.com/v1/audio-analysis/629TRAVD61y1ZVNl9EOfEE,191869,4,THE BROWN STAINS OF DARKEESE LATIFAH PART 6-12 (REMIX) (feat. ScHoolboy Q),Cherry Bomb,Cherry Bomb,2015-04-13,621OhgnZJ7Pz8iUazct1In
0.232,0.705,5,-6.928,1,0.0997,0.032,6.6e-05,0.185,0.352,74.28,audio_features,46CA1H0T1r7u5lDUtVveAh,spotify:track:46CA1H0T1r7u5lDUtVveAh,https://api.spotify.com/v1/tracks/46CA1H0T1r7u5lDUtVveAh,https://api.spotify.com/v1/audio-analysis/46CA1H0T1r7u5lDUtVveAh,401573,4,"FUCKING YOUNG / PERFECT (feat. Charlie Wilson, Chaz Bundick, Sydney Bennett & Kali Uchis)",Cherry Bomb,Cherry Bomb,2015-04-13,621OhgnZJ7Pz8iUazct1In
0.352,0.693,10,-7.412,0,0.361,0.334,6.21e-05,0.611,0.348,88.855,audio_features,6Xw3iWrQKgArwlRhVuU9CK,spotify:track:6Xw3iWrQKgArwlRhVuU9CK,https://api.spotify.com/v1/tracks/6Xw3iWrQKgArwlRhVuU9CK,https://api.spotify.com/v1/audio-analysis/6Xw3iWrQKgArwlRhVuU9CK,409779,4,"2SEATER (feat. Aaron Shaw, Samantha Nelson & Austin Feinstein)",Cherry Bomb,Cherry Bomb,2015-04-13,621OhgnZJ7Pz8iUazct1In
0.501,0.596,6,-8.444,1,0.077,0.00814,0.00023,0.0666,0.204,139.929,audio_features,7zdanauvITJaq9OE7bBz0c,spotify:track:7zdanauvITJaq9OE7bBz0c,https://api.spotify.com/v1/tracks/7zdanauvITJaq9OE7bBz0c,https://api.spotify.com/v1/audio-analysis/7zdanauvITJaq9OE7bBz0c,248544,3,KEEP DA O'S (feat. Pharrell Williams & Coco O.),Cherry Bomb,Cherry Bomb,2015-04-13,621OhgnZJ7Pz8iUazct1In
0.458,0.64,2,-4.515,1,0.0419,0.00196,0.0288,0.0782,0.205,145.94,audio_features,2CnrJj6Jz4vSe5E1hsWtpg,spotify:track:2CnrJj6Jz4vSe5E1hsWtpg,https://api.spotify.com/v1/tracks/2CnrJj6Jz4vSe5E1hsWtpg,https://api.spotify.com/v1/audio-analysis/2CnrJj6Jz4vSe5E1hsWtpg,397384,4,"OKAGA, CA (feat. Alice Smith, Leon Ware & Clem Creevy)",Cherry Bomb,Cherry Bomb,2015-04-13,621OhgnZJ7Pz8iUazct1In
0.581,0.746,10,-5.495,0,0.0422,0.0149,0.000276,0.594,0.455,101.881,audio_features,2u1tKPsxhwigi5BNbXihB0,spotify:track:2u1tKPsxhwigi5BNbXihB0,https://api.spotify.com/v1/tracks/2u1tKPsxhwigi5BNbXihB0,https://api.spotify.com/v1/audio-analysis/2u1tKPsxhwigi5BNbXihB0,189703,4,DEATHCAMP (feat. Cole Alexander),Cherry Bomb + Instrumentals,Cherry Bomb + Instrumentals,2015-04-13,5V3Chnpno9oTI7JSPXKUf3
0.346,0.824,2,-5.054,1,0.134,0.00457,0.000266,0.356,0.116,169.002,audio_features,3h0P4TXrlrv9Lj0z7FS36I,spotify:track:3h0P4TXrlrv9Lj0z7FS36I,https://api.spotify.com/v1/tracks/3h0P4TXrlrv9Lj0z7FS36I,https://api.spotify.com/v1/audio-analysis/3h0P4TXrlrv9Lj0z7FS36I,159964,4,BUFFALO (feat. Shane Powers),Cherry Bomb + Instrumentals,Cherry Bomb + Instrumentals,2015-04-13,5V3Chnpno9oTI7JSPXKUf3
0.596,0.869,5,-2.389,0,0.0621,6.32e-05,0.0493,0.0476,0.545,109.995,audio_features,4SUQbrebZgvSX8i3aYHMB6,spotify:track:4SUQbrebZgvSX8i3aYHMB6,https://api.spotify.com/v1/tracks/4SUQbrebZgvSX8i3aYHMB6,https://api.spotify.com/v1/audio-analysis/4SUQbrebZgvSX8i3aYHMB6,209412,4,PILOT (feat. Sydney Bennett),Cherry Bomb + Instrumentals,Cherry Bomb + Instrumentals,2015-04-13,5V3Chnpno9oTI7JSPXKUf3
0.411,0.909,11,-5.234,0,0.169,0.00178,0.0,0.794,0.473,145.966,audio_features,1VZS61kwta2pHVTAXU9uU1,spotify:track:1VZS61kwta2pHVTAXU9uU1,https://api.spotify.com/v1/tracks/1VZS61kwta2pHVTAXU9uU1,https://api.spotify.com/v1/audio-analysis/1VZS61kwta2pHVTAXU9uU1,69077,4,RUN (feat. Chaz Bundick & ScHoolboy Q),Cherry Bomb + Instrumentals,Cherry Bomb + Instrumentals,2015-04-13,5V3Chnpno9oTI7JSPXKUf3
0.53,0.427,9,-7.338,0,0.0275,0.405,0.0832,0.0976,0.195,75.111,audio_features,0mvnmLsfi9n5RjPIWzT6tY,spotify:track:0mvnmLsfi9n5RjPIWzT6tY,https://api.spotify.com/v1/tracks/0mvnmLsfi9n5RjPIWzT6tY,https://api.spotify.com/v1/audio-analysis/0mvnmLsfi9n5RjPIWzT6tY,179043,4,"FIND YOUR WINGS (feat. Roy Ayers, Sydney Bennett & Kali Uchis)",Cherry Bomb + Instrumentals,Cherry Bomb + Instrumentals,2015-04-13,5V3Chnpno9oTI7JSPXKUf3
0.594,0.817,2,-3.389,1,0.0521,0.001,0.8,0.155,0.151,133.868,audio_features,53Ij8FmAuvzXLsjzCTLM31,spotify:track:53Ij8FmAuvzXLsjzCTLM31,https://api.spotify.com/v1/tracks/53Ij8FmAuvzXLsjzCTLM31,https://api.spotify.com/v1/audio-analysis/53Ij8FmAuvzXLsjzCTLM31,269352,4,CHERRY BOMB,Cherry Bomb + Instrumentals,Cherry Bomb + Instrumentals,2015-04-13,5V3Chnpno9oTI7JSPXKUf3
0.397,0.701,1,-7.328,1,0.0737,0.0127,0.000207,0.749,0.179,74.518,audio_features,57lHFW5RSl888Q1UionOXq,spotify:track:57lHFW5RSl888Q1UionOXq,https://api.spotify.com/v1/tracks/57lHFW5RSl888Q1UionOXq,https://api.spotify.com/v1/audio-analysis/57lHFW5RSl888Q1UionOXq,190285,4,"BLOW MY LOAD (feat. Wanya Morris, Dâm-Funk, Austin Feinstein & Sydney Bennett)",Cherry Bomb + Instrumentals,Cherry Bomb + Instrumentals,2015-04-13,5V3Chnpno9oTI7JSPXKUf3
0.427,0.849,7,-2.945,1,0.348,0.015,0.00373,0.153,0.55,79.155,audio_features,078C2jXg7XsMgW78Gfx1JA,spotify:track:078C2jXg7XsMgW78Gfx1JA,https://api.spotify.com/v1/tracks/078C2jXg7XsMgW78Gfx1JA,https://api.spotify.com/v1/audio-analysis/078C2jXg7XsMgW78Gfx1JA,334363,4,SMUCKERS (feat. Lil Wayne & Kanye West),Cherry Bomb,Cherry Bomb,2015-04-13,621OhgnZJ7Pz8iUazct1In
0.706,0.485,8,-9.671,1,0.331,0.337,0.0,0.122,0.144,115.414,audio_features,21yRtB6B8EMounImAfHRCP,spotify:track:21yRtB6B8EMounImAfHRCP,https://api.spotify.com/v1/tracks/21yRtB6B8EMounImAfHRCP,https://api.spotify.com/v1/audio-analysis/21yRtB6B8EMounImAfHRCP,205093,4,Who Dat Boy (feat. A$AP Rocky),Flower Boy,Flower Boy,2017-07-21,2nkto6YNI4rUYTLqEwWJ3o
0.734,0.671,1,-7.107,1,0.0315,0.118,0.00317,0.352,0.113,94.025,audio_features,33i3xxHB4YSYGYbtJrwwO8,spotify:track:33i3xxHB4YSYGYbtJrwwO8,https://api.spotify.com/v1/tracks/33i3xxHB4YSYGYbtJrwwO8,https://api.spotify.com/v1/audio-analysis/33i3xxHB4YSYGYbtJrwwO8,194080,4,Foreword (feat. Rex Orange County),Flower Boy,Flower Boy,2017-07-21,2nkto6YNI4rUYTLqEwWJ3o
0.686,0.429,8,-10.402,0,0.15,0.71,3.41e-06,0.166,0.27,130.09,audio_features,6KuXb26rHuRy3ZDse1VRmx,spotify:track:6KuXb26rHuRy3ZDse1VRmx,https://api.spotify.com/v1/tracks/6KuXb26rHuRy3ZDse1VRmx,https://api.spotify.com/v1/audio-analysis/6KuXb26rHuRy3ZDse1VRmx,194933,4,Where This Flower Blooms (feat. Frank Ocean),Flower Boy,Flower Boy,2017-07-21,2nkto6YNI4rUYTLqEwWJ3o
0.552,0.415,3,-11.996,1,0.0451,0.959,0.000239,0.164,0.36,72.862,audio_features,4KgTrzmfiWNcVneh2Dd1Ou,spotify:track:4KgTrzmfiWNcVneh2Dd1Ou,https://api.spotify.com/v1/tracks/4KgTrzmfiWNcVneh2Dd1Ou,https://api.spotify.com/v1/audio-analysis/4KgTrzmfiWNcVneh2Dd1Ou,36160,4,Sometimes...,Flower Boy,Flower Boy,2017-07-21,2nkto6YNI4rUYTLqEwWJ3o
0.558,0.559,6,-9.222,1,0.0959,0.371,7.49e-06,0.109,0.62,78.558,audio_features,7KA4W4McWYRpgf0fWsJZWB,spotify:track:7KA4W4McWYRpgf0fWsJZWB,https://api.spotify.com/v1/tracks/7KA4W4McWYRpgf0fWsJZWB,https://api.spotify.com/v1/audio-analysis/7KA4W4McWYRpgf0fWsJZWB,180387,4,See You Again (feat. Kali Uchis),Flower Boy,Flower Boy,2017-07-21,2nkto6YNI4rUYTLqEwWJ3o
0.543,0.572,11,-8.974,1,0.338,0.51,7.23e-06,0.28,0.569,89.386,audio_features,5SxlUF7J8tyFIEF22EomeP,spotify:track:5SxlUF7J8tyFIEF22EomeP,https://api.spotify.com/v1/tracks/5SxlUF7J8tyFIEF22EomeP,https://api.spotify.com/v1/audio-analysis/5SxlUF7J8tyFIEF22EomeP,237000,4,Pothole (feat. Jaden Smith),Flower Boy,Flower Boy,2017-07-21,2nkto6YNI4rUYTLqEwWJ3o
0.547,0.759,1,-7.039,0,0.413,0.354,2.15e-05,0.676,0.575,91.85,audio_features,4XDpeWqPADoWRKcUY3dC84,spotify:track:4XDpeWqPADoWRKcUY3dC84,https://api.spotify.com/v1/tracks/4XDpeWqPADoWRKcUY3dC84,https://api.spotify.com/v1/audio-analysis/4XDpeWqPADoWRKcUY3dC84,225347,4,November,Flower Boy,Flower Boy,2017-07-21,2nkto6YNI4rUYTLqEwWJ3o
0.559,0.578,8,-9.54,1,0.151,0.79,0.000522,0.324,0.239,79.938,audio_features,5WNYg3usc6H8N3MBEp4zVk,spotify:track:5WNYg3usc6H8N3MBEp4zVk,https://api.spotify.com/v1/tracks/5WNYg3usc6H8N3MBEp4zVk,https://api.spotify.com/v1/audio-analysis/5WNYg3usc6H8N3MBEp4zVk,320720,4,Boredom (feat. Rex Orange County & Anna of the North),Flower Boy,Flower Boy,2017-07-21,2nkto6YNI4rUYTLqEwWJ3o
0.549,0.725,1,-7.239,1,0.397,0.0539,3.52e-05,0.148,0.547,108.822,audio_features,430qNtapCS3Ue1yoSql1oV,spotify:track:430qNtapCS3Ue1yoSql1oV,https://api.spotify.com/v1/tracks/430qNtapCS3Ue1yoSql1oV,https://api.spotify.com/v1/audio-analysis/430qNtapCS3Ue1yoSql1oV,206267,4,I Ain't Got Time!,Flower Boy,Flower Boy,2017-07-21,2nkto6YNI4rUYTLqEwWJ3o
0.48,0.61,0,-7.042,1,0.305,0.0456,0.0,0.313,0.297,90.034,audio_features,4bEcoz1OcfMgUbp2ft8ieQ,spotify:track:4bEcoz1OcfMgUbp2ft8ieQ,https://api.spotify.com/v1/tracks/4bEcoz1OcfMgUbp2ft8ieQ,https://api.spotify.com/v1/audio-analysis/4bEcoz1OcfMgUbp2ft8ieQ,255653,4,911 / Mr. Lonely (feat. Frank Ocean & Steve Lacy),Flower Boy,Flower Boy,2017-07-21,2nkto6YNI4rUYTLqEwWJ3o
0.401,0.532,5,-11.554,0,0.508,0.103,0.0,0.478,0.413,84.777,audio_features,39u2PsqrAZpZ0KPx6CjasV,spotify:track:39u2PsqrAZpZ0KPx6CjasV,https://api.spotify.com/v1/tracks/39u2PsqrAZpZ0KPx6CjasV,https://api.spotify.com/v1/audio-analysis/39u2PsqrAZpZ0KPx6CjasV,60000,4,Droppin' Seeds (feat. Lil' Wayne),Flower Boy,Flower Boy,2017-07-21,2nkto6YNI4rUYTLqEwWJ3o
0.449,0.434,1,-11.777,1,0.243,0.306,2.76e-06,0.633,0.371,78.57,audio_features,0qtK3XwbuG153dmwB8iepL,spotify:track:0qtK3XwbuG153dmwB8iepL,https://api.spotify.com/v1/tracks/0qtK3XwbuG153dmwB8iepL,https://api.spotify.com/v1/audio-analysis/0qtK3XwbuG153dmwB8iepL,224893,5,Glitter,Flower Boy,Flower Boy,2017-07-21,2nkto6YNI4rUYTLqEwWJ3o
0.729,0.675,1,-6.008,1,0.187,0.037,0.847,0.0891,0.654,162.126,audio_features,3R1Vu4Ws7UitwDxDHTol0P,spotify:track:3R1Vu4Ws7UitwDxDHTol0P,https://api.spotify.com/v1/tracks/3R1Vu4Ws7UitwDxDHTol0P,https://api.spotify.com/v1/audio-analysis/3R1Vu4Ws7UitwDxDHTol0P,235400,4,"Enjoy Right Now, Today",Flower Boy,Flower Boy,2017-07-21,2nkto6YNI4rUYTLqEwWJ3o
0.423,0.456,2,-8.45,0,0.0579,0.381,0.016,0.12,0.148,112.984,audio_features,6ACiYjq5Q7e6BlhZEHz7cd,spotify:track:6ACiYjq5Q7e6BlhZEHz7cd,https://api.spotify.com/v1/tracks/6ACiYjq5Q7e6BlhZEHz7cd,https://api.spotify.com/v1/audio-analysis/6ACiYjq5Q7e6BlhZEHz7cd,223947,4,Garden Shed (feat. Estelle),Flower Boy,Flower Boy,2017-07-21,2nkto6YNI4rUYTLqEwWJ3o
0.554,0.498,9,-8.866,1,0.0685,0.23,5.98e-06,0.795,0.413,79.635,audio_features,5hVghJ4KaYES3BFUATCYn0,spotify:track:5hVghJ4KaYES3BFUATCYn0,https://api.spotify.com/v1/tracks/5hVghJ4KaYES3BFUATCYn0,https://api.spotify.com/v1/audio-analysis/5hVghJ4KaYES3BFUATCYn0,190067,4,EARFQUAKE,IGOR,IGOR,2019-05-17,5zi7WsKlIiUXv09tbGLKsE
0.826,0.579,8,-8.241,0,0.0801,0.00881,0.0,0.129,0.431,121.075,audio_features,4f8Mh5wuWHOsfXtzjrJB3t,spotify:track:4f8Mh5wuWHOsfXtzjrJB3t,https://api.spotify.com/v1/tracks/4f8Mh5wuWHOsfXtzjrJB3t,https://api.spotify.com/v1/audio-analysis/4f8Mh5wuWHOsfXtzjrJB3t,212013,4,I THINK,IGOR,IGOR,2019-05-17,5zi7WsKlIiUXv09tbGLKsE
0.0,0.478,11,-16.569,0,0.0,0.927,0.0,0.335,0.0,0.0,audio_features,5e4LIAQI0bClLazNf2gZV0,spotify:track:5e4LIAQI0bClLazNf2gZV0,https://api.spotify.com/v1/tracks/5e4LIAQI0bClLazNf2gZV0,https://api.spotify.com/v1/audio-analysis/5e4LIAQI0bClLazNf2gZV0,14627,0,EXACTLY WHAT YOU RUN FROM YOU END UP CHASING,IGOR,IGOR,2019-05-17,5zi7WsKlIiUXv09tbGLKsE
0.36,0.391,6,-10.6,1,0.0528,0.296,0.000406,0.129,0.162,84.281,audio_features,5QvBXUm5MglLJ3iBfTX2Wo,spotify:track:5QvBXUm5MglLJ3iBfTX2Wo,https://api.spotify.com/v1/tracks/5QvBXUm5MglLJ3iBfTX2Wo,https://api.spotify.com/v1/audio-analysis/5QvBXUm5MglLJ3iBfTX2Wo,177227,4,RUNNING OUT OF TIME,IGOR,IGOR,2019-05-17,5zi7WsKlIiUXv09tbGLKsE
0.621,0.73,5,-5.414,0,0.107,0.0967,0.000131,0.673,0.464,139.566,audio_features,0fv2KH6hac06J86hBUTcSf,spotify:track:0fv2KH6hac06J86hBUTcSf,https://api.spotify.com/v1/tracks/0fv2KH6hac06J86hBUTcSf,https://api.spotify.com/v1/audio-analysis/0fv2KH6hac06J86hBUTcSf,195320,4,NEW MAGIC WAND,IGOR,IGOR,2019-05-17,5zi7WsKlIiUXv09tbGLKsE
0.458,0.909,1,-6.553,1,0.487,0.0567,4.26e-06,0.11,0.449,118.227,audio_features,6bOkaEXc5CopinGazSLokx,spotify:track:6bOkaEXc5CopinGazSLokx,https://api.spotify.com/v1/tracks/6bOkaEXc5CopinGazSLokx,https://api.spotify.com/v1/audio-analysis/6bOkaEXc5CopinGazSLokx,205627,4,WHAT'S GOOD,IGOR,IGOR,2019-05-17,5zi7WsKlIiUXv09tbGLKsE
0.508,0.557,8,-8.967,0,0.0478,0.00235,0.0134,0.588,0.199,77.572,audio_features,0wEC0GNF74lAqrEFZJMl1m,spotify:track:0wEC0GNF74lAqrEFZJMl1m,https://api.spotify.com/v1/tracks/0wEC0GNF74lAqrEFZJMl1m,https://api.spotify.com/v1/audio-analysis/0wEC0GNF74lAqrEFZJMl1m,179013,4,PUPPET,IGOR,IGOR,2019-05-17,5zi7WsKlIiUXv09tbGLKsE
0.518,0.492,10,-8.436,0,0.193,0.216,0.0012,0.146,0.471,78.848,audio_features,1hz7SRTGUNAtIQ46qiNv2p,spotify:track:1hz7SRTGUNAtIQ46qiNv2p,https://api.spotify.com/v1/tracks/1hz7SRTGUNAtIQ46qiNv2p,https://api.spotify.com/v1/audio-analysis/1hz7SRTGUNAtIQ46qiNv2p,375387,4,"GONE, GONE / THANK YOU",IGOR,IGOR,2019-05-17,5zi7WsKlIiUXv09tbGLKsE
0.638,0.522,8,-9.814,1,0.0932,0.352,0.0663,0.165,0.584,142.952,audio_features,5A0M6B0RBSXSNWv0wcppZ9,spotify:track:5A0M6B0RBSXSNWv0wcppZ9,https://api.spotify.com/v1/tracks/5A0M6B0RBSXSNWv0wcppZ9,https://api.spotify.com/v1/audio-analysis/5A0M6B0RBSXSNWv0wcppZ9,161200,4,I DON'T LOVE YOU ANYMORE,IGOR,IGOR,2019-05-17,5zi7WsKlIiUXv09tbGLKsE
0.216,0.497,10,-8.025,1,0.0371,0.128,2.39e-06,0.111,0.313,187.308,audio_features,5TxRUOsGeWeRl3xOML59Ai,spotify:track:5TxRUOsGeWeRl3xOML59Ai,https://api.spotify.com/v1/tracks/5TxRUOsGeWeRl3xOML59Ai,https://api.spotify.com/v1/audio-analysis/5TxRUOsGeWeRl3xOML59Ai,265480,3,ARE WE STILL FRIENDS?,IGOR,IGOR,2019-05-17,5zi7WsKlIiUXv09tbGLKsE
0.417,0.689,2,-8.302,0,0.178,0.575,0.0,0.496,0.505,79.568,audio_features,1nXZnTALNXiPlvXotqHm66,spotify:track:1nXZnTALNXiPlvXotqHm66,https://api.spotify.com/v1/tracks/1nXZnTALNXiPlvXotqHm66,https://api.spotify.com/v1/audio-analysis/1nXZnTALNXiPlvXotqHm66,210253,4,A BOY IS A GUN*,IGOR,IGOR,2019-05-17,5zi7WsKlIiUXv09tbGLKsE
0.467,0.672,10,-7.371,0,0.377,0.00559,0.243,0.607,0.0648,163.1,audio_features,51RN0kzWd7xeR4th5HsEtW,spotify:track:51RN0kzWd7xeR4th5HsEtW,https://api.spotify.com/v1/tracks/51RN0kzWd7xeR4th5HsEtW,https://api.spotify.com/v1/audio-analysis/51RN0kzWd7xeR4th5HsEtW,200693,4,IGOR'S THEME,IGOR,IGOR,2019-05-17,5zi7WsKlIiUXv09tbGLKsE
